{"cameraMode":{"drawMode":0,"name":"Shaded","section":"Shading Mode"},"sceneLighting":true,"audioPlay":false,"sceneViewState":{"m_AlwaysRefresh":false,"showFog":true,"showSkybox":true,"showFlares":true,"showImageEffects":true,"showParticleSystems":true,"showVisualEffectGraphs":true,"m_FxEnabled":true},"in2DMode":false,"pivot":{"x":486.2900390625,"y":325.84991455078127,"z":-509.18585205078127},"rotation":{"x":0.040799178183078769,"y":0.004500692244619131,"z":-0.00014507037121802568,"w":0.9991772174835205},"size":3.9775502681732179,"orthographic":false}